Aaachen,Aachen
Abenteur,Abenteuer
aberufen,abgerufen
abgekürtzt,abgekürzt
abgeschloßen*,abgeschlossen*
Abhängikeit,Abhängigkeit
Abhängkeit,Abhängigkeit
abolvieren,absolvieren
abolviert,absolviert
abschliessen,abschließen
abschliessend,abschließend
abschliessende,abschließende
abschliessenden,abschließenden
abschliessender,abschließender
abschliessendes,abschließendes
abschliesst,abschließt
Absorbtion,Absorption
abzuschliessen,abzuschließen
a+capella,a cappella
achsial*,axial*
achzig,achtzig
Addresse,Adresse
addressiert,adressiert
Adjudant,Adjutant
Aeropag,Areopag
Affähre,Affäre
Aeropagos,Areopag
agberufen,abgerufen
Agendas,Agenden
agerufen,abgerufen
agraisch,agrarisch
agressiv,aggressiv
Akkomodation,Akkommodation
akkomodier*,akkommodier*
Akkustik,Akustik
akreditiert,akkreditiert
Aktivitiäten,Aktivitäten
Aktzeptanz,Akzeptanz
alamier*,alarmier*
aler,aller
alerdings,allerdings
Algorhitmus,Algorithmus
Algoritmus,Algorithmus
aliiert,alliiert
allerding,allerdings – ausgenommen der Ortsname Allerding
allgmein,allgemein
alliert,alliiert
allredings,allerdings
all+zu,allzu
Alstadt,Altstadt
am+diesem,an diesem
am+einem,an einem / am einen
amerikanich,amerikanisch
amerikansch,amerikanisch
amerkanisch,amerikanisch
am+seinem,an seinem
Amtsitz,Amtssitz
Amtsprache*,Amtssprache*
Anaesthesie,Anästhesie
Analen,Annalen – siehe aber Anale
and+der,an der
anderere,andere
andereren,anderen
andererer,anderer
andereseits,andererseits
anders+herum,andersherum
andersrum,besser: andersherum
aneinander+geraten,aneinandergeraten
aneinander+gerät,aneinandergerät
aneinander+geriet,aneinandergeriet
aneinander+gerieten,aneinandergerieten
angelsächisch,angelsächsisch
angelsächsiche,angelsächsische
angelsächsichen,angelsächsischen
angesehend*,angesehen*
anheim+fallen,anheimfallen
anlaesslich,anlässlich
anlaeßlich,anlässlich
änlich,ähnlich
annährend,annähernd
Annährung,Annäherung
Annektion,Annexion
annerkannt,anerkannt
annerkannte,anerkannte
Annerkennung,Anerkennung
annuliert,annulliert
Annulierung,Annullierung
Anordung,Anordnung
Anschaung,Anschauung
anschliessen,anschließen
anschliessend,anschließend
anschlieβend,anschließend
anschliessende,anschließende
anschliessendem,anschließendem
anschliessenden,anschließenden
anschliessender,anschließender
anschliessendes,anschließendes
anschliesst,anschließt
Anstoss,Anstoß
Anwendund,Anwendung
anwort*,antwort*
Appartment*,Apartment* oder Appartement*
aquirieren,akquirieren
Aquisition,Akquisition
archälogische,archäologische
archälogischen,archäologischen
Archeologe,Archäologe
Argentur*,Agentur*
Arikel,Artikel
arithmetrisch,arithmetisch
Artzt,Arzt
assozial,asozial
Asymetrie*,Asymmetrie*
asymetrisch*,asymmetrisch*
Atacke,Attacke
atackieren,attackieren
atakieren,attackieren
Athleth*,Athlet*
Athmosphäre*,Atmosphäre*
athmosphärisch*,atmosphärisch*
Atrappe,Attrappe
attakier*,attackier*
Atztek*,Aztek*
aufällig*,auffällig*
Aufassung*,Auffassung*
auf+dem+ersten+Blick,auf den ersten Blick
auf+eigenem+Wunsch,auf eigenen Wunsch / aus eigenem Wunsch
aufeinander+stoßen,aufeinanderstoßen – war 1996–2006 getrennt richtig
Aufenhalt,Aufenthalt
aufgehangen,aufgehängt
Aufname,Aufnahme
Auforderung,Aufforderung
aufrecht+erhält,aufrechterhält
aufrecht+erhalten*,aufrechterhalten*
aufrecht+erhielt,aufrechterhielt
aufrecht+zu+erhalten,aufrechtzuerhalten
Aufsteig,Aufstieg
aufstiess,aufstieß
aufstossen,aufstoßen
Auftieg,Aufstieg
auftretenen,auftretenden
auftretten,auftreten
aufzustossen,aufzustoßen
Augenlied,Augenlid
augenommen,auf-/ausgenommen
auschliesslich*,ausschließlich*
auseinander+brach,auseinanderbrach
auseinander+bricht,auseinanderbricht
auseinander+entwickeln,auseinanderentwickeln
auseinander+entwickelt,auseinanderentwickelt
auseinander+fallen,auseinanderfallen
auseinander+fiel,auseinanderfiel
auseinander+gebrochen,auseinandergebrochen
auseinander+gehen,auseinandergehen
auseinander+gehalten,auseinandergehalten
auseinander+gegangen,auseinandergegangen
auseinander+geht,auseinandergeht
auseinander+gesetzt,auseinandergesetzt
auseinander+gezogen,auseinandergezogen
auseinander+ging,auseinanderging
auseinander+gingen,auseinandergingen
auseinander+setzt,auseinandersetzt
auseinander+setzten,auseinandersetzten
Auseinadersetzung,Auseinandersetzung
Auseindersetzung,Auseinandersetzung
auseinander+zu+setzen,auseinanderzusetzen
auser,außer
auserdem,außerdem
auserhalb,außerhalb
ausgiessen,ausgießen
Ausgangpunkt,Ausgangspunkt
Ausicht,Aussicht
Ausmass,Ausmaß
Ausprache,Aussprache
Auspruch,Ausspruch
ausschliessen,ausschließen
ausschliesslich,ausschließlich
ausschliesst,ausschließt
Ausschwitz,Auschwitz
aussen,außen
Aussenminister,Außenminister
Aussenpolitik,Außenpolitik
Aussenpolitiker,Außenpolitiker
aussenpolitisch,außenpolitisch
aussenpolitische,außenpolitische
aussenpolitischen,außenpolitischen
aussenpolitischer,außenpolitischer
aussenpolitisches,außenpolitisches
ausser,außer
ausserdem,außerdem
äussere,äußere
äusseren,äußeren
äusserer,äußerer
äusseres,äußeres
aussergewöhnlich,außergewöhnlich
aussergewöhnlichen,außergewöhnlichen
ausserhalb,außerhalb
ausserirdisch,außerirdisch
ausserirdische,außerirdische
ausserirdischen,außerirdischen
äussern,äußern
ausserordentlich,außerordentlich
ausserordentliche,außerordentliche
ausserordentlichem,außerordentlichem
ausserordentlichen,außerordentlichen
ausserordentlicher,außerordentlicher
ausserordentliches,außerordentliches
äußerst+sich,äußert sich
äußerste+sich,äußerte sich
Äusserung,Äußerung
Äusserungen,Äußerungen
aussschliesslich,ausschließlich
aussschließlich,ausschließlich
außschließlich,ausschließlich
Austattung,Ausstattung
Austellung,Ausstellung
Austellungen,Ausstellungen
Austerben,Aussterben
ausversehen,aus Versehen
Auszeichung*,Auszeichnung*
Authenzität,Authentizität
Author+des,Autor des – auf Deutsch ohne h
authorisieren,autorisieren
authorisiert,autorisiert
Authorisierung*,Autorisierung*
Authorität,Autorität
Autorenschaft,Autorschaft
dem+Autoren,dem Autor
des+Autoren,des Autors
vom+Autoren,vom Autor
Balett,Ballett
bassierend,basierend
Batallion,Bataillon
Battaillon,Bataillon
Battallion,Bataillon
Bauerhof,Bauernhof
Bauerhöfe,Bauernhöfe
bedeudend*,bedeutend*
bedeudet*,bedeutet*
bedeutendeste,bedeutendste
bedeutenst*,bedeutendst*
bedeutesten,bedeutendsten
Bedinung,Bedingung/Bedienung
Bedürfniss,Bedürfnis
beeinflußen,beeinflussen
Beeinflußung,Beeinflussung
beeinhalten,beinhalten
beeinhaltet,beinhaltet
begang,beging / begann
Begnung*,Begegnung*
begrüssen,begrüßen
begrüsst,begrüßt
begrüsste,begrüßte
begrüssten,begrüßten
Begrüssung,Begrüßung
Begrüssungen,Begrüßungen
beherrbergt,beherbergt
beherschen,beherrschen
beherscht*,beherrscht*
beidemale,beide Male
beim+dem,bei dem / beim – Ausnahmen theoretisch möglich
beim+der,bei der / beim / bei dem / …
beindrucken,beeindrucken
beinflussen,beeinflussen
beinflusst*,beeinflusst*
Beipiel*,Beispiel*
Beispeil*,Beispiel*
beispielswiese,beispielsweise
beispielweise,beispielsweise
Beitag,Beitrag
bekammen,bekamen
Benefitz,Benefiz
bennant,benannt
Bennenung,Benennung
Berechung,Berechnung
bereit+gehalten,bereitgehalten
bereit+gestellt,bereitgestellt
bereit+hält,bereithält
bereit+stand,bereitstand
bereit+stehen,bereitstehen
bereit+steht,bereitsteht
bereit+stellt,bereitstellt
bereit+zu+halten,bereitzuhalten
bereit+zu+stellen,bereitzustellen
Berfung,Berufung
Berkwerk*,Bergwerk*
Berreich,Bereich
berücksichtig,berücksichtigt
berümt,berühmt
berümte,berühmte
berufsständig*,berufsständisch*
besass,besaß
besassen,besaßen
beschäftig,beschäftigt
beschliessen,beschließen
besitzten,besitzen
Bespiel,Beispiel
Bestandtteil,Bestandteil
bestbezahltest*,bestbezahlt*
eine+bestimme,eine bestimmte
eine*+bestimmen,eine* bestimmten – aber Zum einen bestimmen sie
bestimmmt,bestimmt
bestreitete,bestritt
Betreung,Betreuung
Betriebsystem*,Betriebssystem*
Betriebssytem*,Betriebssystem*
beutend,bedeutend
Bevökerung,Bevölkerung
Beweiß,Beweis
bezeichent,bezeichnet
bezeichet,bezeichnet
Bezeichnug*,Bezeichnung*
Bezeichung*,Bezeichnung*
des+Bezirk,des Bezirks/Bezirkes
Biograpfie,Biografie
bis+auf+einem,bis auf einen – Ausnahme Dativ
bischen,bisschen
Bischofsitz,Bischofssitz
Bisquit,Biskuit
des+Bistum,des Bistums
bliebt,blieb/bleibt/beliebt – außer 2. Pers. Pl. Prät. von bleiben
bloss,bloß
blosse,bloße
blossen,bloßen
blosser,bloßer
blosses,bloßes
an+Board,an Bord
bombadieren,bombardieren
bombadiert,bombardiert
Bombadierung,Bombardierung
boolsch,boolesch
Brillianten,Brillanten
brillianter,brillanter
britsch,britisch
britsche,britische
britschen,britischen
britscher,britischer
britsches,britisches
Bronzemedallie*,Bronzemedaille*
Bügermeister,Bürgermeister
des+Bundesamt,des Bundesamtes/Bundesamts
Bundesaussenminister,Bundesaußenminister
Bundesstrasse,Bundesstraße
Bundestaat*,Bundesstaat*
Bundestraße,Bundesstraße
Bundsandstein*,Buntsandstein*
byzantisch*,byzantinisch*
Cafes,Cafés
chinesiche,chinesische
chinesichen,chinesischen
chinesicher,chinesischer
Chirugie,Chirurgie
Chonik,Chronik
Chonist,Chronist
chonologisch,chronologisch
cirka,"zirka, circa"
CO2,CO2
dadruch,dadurch
daduch,dadurch
dahinter+gekommen,"dahintergekommen - wenn es in der Bedeutung ""etwas [Verheimlichtes] herausfinden, herausbekommen"" steht"
dahinter+kommt,"dahinterkommt - wenn es in der Bedeutung ""etwas [Verheimlichtes] herausfinden, herausbekommen"" steht"
danaben,daneben
danch,danach
dannach,danach
daraufhin,darauf hin – wenn es sich um das Pronominaladverb darauf und den Verbzusatz hin- handelt):
deuten+daraufhin,deuten darauf hin – „auf etwas hindeuten“
deutet+daraufhin,deutet darauf hin – „auf etwas hindeuten“
weisen+daraufhin,weisen darauf hin – „auf etwas hinweisen“
"weist+daraufhin,+dass","weist darauf hin, dass"
"wies+daraufhin,+dass","wies darauf hin, dass"
darüberhinaus,darüber hinaus
daruf,darauf
darufhin,daraufhin
das,dass – wenn es sich um die Konjunktion dass handelt):
das+es+sich+bei,dass es sich bei – mindestens eine Ausnahme
das+es+sich+um,dass es sich um – … handelt
so+das+der,so dass der – auf Ausnahmen achten
so+das+die,so dass die
so+das+er,so dass er
so+das+es,so dass es
so+das+sie,so dass sie
"Tatsache,+das","Tatsache, dass – mindestens eine Ausnahme"
"wurde+bekannt,+das","wurde bekannt, dass – wenige Ausnahmen"
dass,das):
dass+heißt,das heißt
"ein+Konzept,+dass","ein Konzept, das"
"Finale,+dass","Finale, das – wenige Ausnahmen"
das+Unternehmens,das Unternehmen / des Unternehmens
davon+gekommen,davongekommen
davon+kam*,davonkam*
davon+zu+kommen,davonzukommen
dazu+bekommen,dazubekommen
dazu+geben,dazugeben
dazu+gehen,dazugehen
dazu+gehören,dazugehören
dazu+gehörend*,dazugehörend*
dazu+gehörige*,dazugehörige* – zahlreiche Ausnahmen
dazu+gesellen,dazugesellen
dazu+kommen,dazukommen
dazu+lernen,dazulernen
Debutalbum,Debütalbum
Definiton,Definition
definitv,definitiv
Defintion,Definition
deligiert,delegiert
dem+gegenüber,demgegenüber
dem+selben,demselben
denoch,dennoch
den+selben,denselben
derem,deren – nachfolgende Adjektive stark flektieren
der+Niederlanden,der Niederlande / den Niederlanden
der+selbe,derselbe
der+selben,derselben
derzufolge,der zufolge
des+des,des – Ausnahmen: DES
des+eines,eines / des / der eines / dem eines / …
des+selben,desselben
dessem,dessen – nachfolgende Adjektive stark flektieren
desshalb,deshalb
desweiteren,des Weiteren
detailiert*,detailliert*
detalliert,detailliert
dezeit,derzeit
Dezmber,Dezember
die+selbe,dieselbe
die+selben,dieselben
Differentation,Differentiation
Digiatlisat,Digitalisat
Digitalsiat,Digitalisat
Dikator,Diktator
Dikatur,Diktatur
Diphterie,Diphtherie
Diphtong,Diphthong
Discografie,Diskografie
Discographie,Diskographie
diskreminieren,diskriminieren
diskrimierend*,diskriminierend*
Diskrimierung*,Diskriminierung*
Diskusion,Diskussion
Disseration,Dissertation
Divison*,"Division* – auch auf Englisch mit insg. drei i, spanisch división"
Divsion*,Division*
Diziplin*,Disziplin*
Dollmetscher,Dolmetscher
dort+hin,dorthin – wenige Ausnahmen
draufhin,daraufhin
draussen,draußen
Dreick,Dreieck
dreissig,dreißig
dreissiger,dreißiger
dreizigjährige*,dreißigjährige*
druch,durch
druchgeführt,durchgeführt
duch,durch
duchführen,durchführen
Duchführung,Durchführung
duchgeführt,durchgeführt
Duchschnitt,Durchschnitt
durch+geführt,durchgeführt
Durchschlagkraft,Durchschlagskraft
Durchsetztung,Durchsetzung
Durschnitt,Durchschnitt
durschnittlich,durchschnittlich
durschnittliche,durchschnittliche
durschnittlichen,durchschnittlichen
ebefalls,ebenfalls
eben+dies,ebendies – in der Bedeutung „genau dies“
eben+diese,ebendiese – in der Bedeutung „genau diese“
eben+diesem,ebendiesem – in der Bedeutung „genau diesem“
eben+diesen,ebendiesen – in der Bedeutung „genau diesen“
eben+dieser,ebendieser – in der Bedeutung „genau dieser“
eben+dieses,ebendieses – in der Bedeutung „genau dieses“
ebendso,ebenso
ebenfall,ebenfalls
ebenfals,ebenfalls
ecuatorianisch*,ecuadorianisch*
Editon,Edition
Edtion,Edition
einem+eigenem,einem eigenen
ihrem+eigenem,ihrem eigenen
seinem+eigenem,seinem eigenen
eigenen+sich,eignen sich – aber: „den eigenen sich wandelnden Stimmungen“
eine+neues,ein neues
durch+einem,durch einen
für+einem,für einen
bei+einen,bei einem
mit+einen,mit einem
durch+einer,durch eine/einen
einer+kleiner,einer kleinen / ein kleiner – Ausnahme z. B. von einer kleiner werdenden Zahl
eines+des,eines der – falls Plural folgt
Einflüße,Einflüsse
Einfuss,Einfluss
einge,einige
eingen,einigen
eingentlich,eigentlich
einger,einiger
einges,einiges
eingesetz,eingesetzt
eingesetzen,eingesetzten
einigemal,einige Mal
einklich,eigentlich
Einordung,Einordnung
ein+Reihe,eine Reihe
einschliessen,einschließen
einschliesslich,einschließlich
einschliesst,einschließt
ein-+und+demselben,ein und demselben
ein-+und+derselben,ein und derselben
einzelen,einzelne(n)
einzigste*,einzige*
ekklektizistisch*,eklektizistisch*
elekrisch*,elektrisch*
elekron*,elektron*
eleminieren,eliminieren
eleminiert,eliminiert
emigiert,emigriert
emigiriert,emigriert
Emmigrant,Emigrant
Emmigration,Emigration
emmigriert,emigriert
emprisch,empirisch
Emsemble,Ensemble
endeckt*,entdeckt*
Endeckung*,Entdeckung*
enfernt,entfernt
enfernte,entfernte
Enfernung,Entfernung
Enfernungen,Entfernungen
Engeneering,Engineering
englsich*,englisch*
engültig*,endgültig*
enhält,enthält
enhalten,enthalten
Enscheidung,Entscheidung
enstand,entstand
enstanden,entstanden
enstehen,entstehen
ensteht,entsteht
Enstehung,Entstehung
entgegen+gebracht*,entgegengebracht*
entgegen+gesetzt*,entgegengesetzt*
entgegen+kam,entgegenkam – im Nebensatz bei Endstellung des Verbs
entgegen+nahm,entgegennahm – nicht in Vorfeldstellung
entgegen+zu,entgegenzu…
entgegen+zu+gehen,entgegenzugehen
entgegen+zu+kommen,entgegenzukommen
entgegen+zu+nehmen,entgegenzunehmen
entgegen+zu+schleudern,entgegenzuschleudern
entgegen+zu+setzen,entgegenzusetzen
entgegen+zu+stellen,entgegenzustellen
entgegen+zu+treten,entgegenzutreten
entgegen+zu+wirken,entgegenzuwirken – besonders häufig
Entgeld,Entgelt
entgültig*,endgültig*
entlang+führt*,entlangführt* – im Nebensatz bei Endstellung des Verbs
entlang+geführt*,entlanggeführt*
entprechend*,entsprechend*
entsant*,entsandt*
entscheidene*,entscheidende*
entscheident*,entscheidend*
entspechen*,entsprechen*
entstandende,entstandene
entstandt,entstand
enwickelt*,entwickelt*
Enwicklung*,Entwicklung*
ereichen,erreichen
ereicht*,erreicht*
Ereignise,Ereignisse
Ereignisen,Ereignissen
Ereigniss,Ereignis
Erfog,Erfolg
erfogreich,erfolgreich
erfolgslos,erfolglos
erfolgsversprechend,erfolgversprechend
Erfurcht,Ehrfurcht
Ergebniss,Ergebnis
Erkentnis,Erkenntnis
Erkentnisse,Erkenntnisse
erklährt,erklärt
ermöglich,ermöglicht / ermöglichen
erorbert,erobert
errichte,errichtete/errichtet/erreichte/… – wenige Ausnahmen
errinner*,erinner*
errr*,err*
unter anderem:,
errreich*,erreich*
errricht*,erricht*
erschienen+Buch,erschienenen Buch / erschienene Buch
erschienen+Roman,erschienenen Roman / erschienene Roman
ersmals,erstmals
Erstaustrahlung,Erstausstrahlung
dem+erstem,dem ersten – insbes. dem Ersten Weltkrieg
im+erstem,im ersten
Erstimmen*,Erststimmen*
Erwachsenalter,Erwachsenenalter
erzeil*,erziel*
erziehlen,erzielen
erziehlt,erzielt
estisch,estnisch
Ettikett*,Etikett*
ettlich,etlich
Eurkaryoten,Eukaryoten
dem+europäischem,dem europäischen
im+europäischem,im europäischen
Examplar,Exemplar
examplarisch*,exemplarisch*
exellent,exzellent
exisitiert*,existiert*
Existens,Existenz
Expediton,Expedition
experimentiell,experimentell
Extase,Ekstase
Fahrad*,Fahrrad*
fälschlicher+Weise,fälschlicherweise
familär*,familiär*
Famile,Familie
Familen*,Familien*
Famlie*,Familie*
Februrar,Februar
Feburar,Februar
fern+geblieben,ferngeblieben
fern+gehalten,ferngehalten – war 1996–2006 getrennt richtig
fern+halten,fernhalten
fern+hält,fernhält
fern+hielt*,fernhielt*
fern+zu+halten,fernzuhalten – war 1996–2006 getrennt richtig
Ferseh*,Fernseh*
fertigestellt*,fertiggestellt*
festellen,feststellen
Festellung,Feststellung
Fiedrich,Friedrich
Filmusical,Filmmusical
Flagschiff*,Flaggschiff*
Flektion,Flexion
fliessen,fließen
fliesst,fließt
des+Flughafen,des Flughafens
Flüße,Flüsse
fokusieren,fokussieren
fokusiert,fokussiert
Fokusierung,Fokussierung
Foschung,Forschung
Fotographie,"Fotografie, Photographie"
Fotographien,"Fotografien, Photographien"
fotographiert,fotografiert
franösisch*,französisch*
frantösisch*,französisch*
franzöisch*,französisch*
französich*,französisch*
dem+französischem,dem französischen
einem+französischem,einem französischen
nach+französischen+Vorbild,nach französischem Vorbild
Freidrich,Friedrich
frei+gestellt,freigestellt
Freimauerei,Freimaurerei
Friedenschluss,Friedensschluss
Friedich,Friedrich
Frima,Firma
Frnaz,Franz
fröhnen,frönen
Frühjar,Frühjahr
frühre,frühere
fuer,für
füher*,früher* / Führer*
Fuktion*,Funktion*
Funier*,Furnier*
für+für,für
Fuss,Fuß
Fussball,Fußball
Fussballer,Fußballer
Fussballerin,Fußballerin
Fussballspieler,Fußballspieler
Fussballspielerin,Fußballspielerin
Fußballstadium,Fußballstadion
Fusse,Fuße
Füsse,Füße
Füst,Fürst
gabe+es,gab es
Gallerie,Galerie
Gallerien,Galerien
Gallionsfigur,Galionsfigur
garnicht,gar nicht
Garnision,Garnison
Garnision*,Garnison*
Gebäde,Gebäude
Gebahren,Gebaren
gebähren,gebären
Gebaüde,Gebäude
Gebaude,Gebäude
Gebäuder,Gebäude
gebornen,geborenen
Gedult,Geduld
Gedänk*,Gedenk*
Gefäss,Gefäß
gegebenfalls,gegebenenfalls
gegen+einander,gegeneinander
Gegener,Gegner
gegenüber+gestellt,gegenübergestellt
gegenüber+lag,gegenüberlag
gegenüber+lagen,gegenüberlagen
gegenüber+liegen,gegenüberliegen
gegenüber+liegend,gegenüberliegend
gegenüber+liegt,gegenüberliegt
gegenüber+sehen,gegenübersehen
gegenüber+sah,gegenübersah
gegenüber+sahen,gegenübersahen
gegenüber+sieht,gegenübersieht
gegenüber+sitzen,gegenübersitzen
gegenüber+sitzt,gegenübersitzt
gegenüber+stand,gegenüberstand
gegenüber+standen,gegenüberstanden
gegenüber+stehen,gegenüberstehen
gegenüber+steht,gegenübersteht
gegenüber+stellt,gegenüberstellt
gegenüber+stellte,gegenüberstellte
gegenüber+trat,gegenübertrat
gegenüber+treten,gegenübertreten
gegenüber+tritt,gegenübertritt
gegenüber+zu+treten,gegenüberzutreten
gegn,gegen
gegnüber,gegenüber
gehöhren,gehören
gehöhrt*,gehört*
gekührt,gekürt
gelanden,geladen / gelangen
gelegenene*,gelegene*
Gellery,Gallery
gemäss,gemäß
gemeinsammen,gemeinsamen
gemeisam,gemeinsam
genant,genannt
genanten,genannten
Genaral*,General*
geniessen,genießen
gennant*,genannt*
gennannt*,genannt*
geradlinieg*,geradlinig*
Gerneral*,General*
gesäht,gesät
gesammt,gesamt
gesammten,gesamten
gesammter,gesamter
Gesandschaft*,Gesandtschaft*
Geschichtschreiber,Geschichtsschreiber
Geschichtschreibung,Geschichtsschreibung
geschiet,geschieht
geschlosssen,geschlossen
gesetztlich,gesetzlich
Gesichtpunkt,Gesichtspunkt
gewissermassen,gewissermaßen
gewunken,gewinkt
Ghandi,Gandhi
giebt,gibt
Giessen,Gießen
gleichbreit*,gleich breit*
gleich+gemacht,gleichgemacht
gleich+gestellt,gleichgestellt – aber: Manche Luftweichen sind immer gleich gestellt.
gleichgroß*,gleich groß*
gleichhohe*,gleich hohe*
gleich+kam*,gleichkam
gleich+kommt,"gleichkommt – i. S. v. entspricht, gleichwertig ist"
gleichlang*,gleich lang*
gleich+macht*,gleichmacht*
gleichviel*,gleich viel*
gleichwahrscheinlich*,gleich wahrscheinlich
gleich+zu+setzen,gleichzusetzen
gleich+zu+tun,gleichzutun – i. S. v. nachzutun
Gogle,Google
Goldmedaillie*,Goldmedaille*
Goldmedallie*,Goldmedaille*
Gothik,Gotik
gothisch,gotisch
Grabmahl,Grabmal
Gradwanderung,Gratwanderung
Grafitti,Graffiti
Graftschaft*,Grafschaft*
groesse,größe
groeße,größe
gröhlen,grölen
Grossaufgebot,Großaufgebot
Grossbritanien,Großbritannien
Großbritanien,Großbritannien
Grossbritannien,Großbritannien
Grossbrittanien,Großbritannien
Großbrittanien,Großbritannien
Grossbrittannien,Großbritannien
Großbrittannien,Großbritannien
grosse,große
grösse,größe
grossem,großem
einem+großem,einem großen
grossen,großen
in+großen+Umfang,in großem Umfang
grossenteils,großenteils
größenteils,größtenteils
grosser,großer
grösser,größer
grössere,größere
grösserem,größerem
grösseren,größeren
grösserer,größerer
grösseres,größeres
grosses,großes
grossfürst*,großfürst*
grösste,größte
Grossteil,Großteil
grossteils,großteils
grössten,größten
grösstenteils,größtenteils
grösster,größter
grösstes,größtes
groβ*,groß*
Gründstück*,Grundstück*
einem+grünem,einem grünen
grüssen,grüßen
grüsste,grüßte
grüssten,grüßten
Guiness,Guinness
Guinnes,Guinness
Guiseppe,Giuseppe
einem+gutem,einem guten
Güterloh*,Gütersloh*
des+Gymnasium,des Gymnasiums / das Gymnasium
H2O,H2O
Häckchen,Häkchen
haetten,hätten
Handelschiff,Handelsschiff
Handies,Handys
hahnebüchen,hanebüchen
hattte,"hatte, hatten"
haupsächlich,hauptsächlich
Haupstadt,Hauptstadt
Haupstädte,Hauptstädte
des+Haus,des Hauses
heiratetet,heiratet
heiss,heiß
heisser,heißer
heisst,heißt
heran+geführt,herangeführt
heran+gezogen,herangezogen
heran+kam,herankam
heran+reichen,heranreichen
heran+reichte,heranreichte
heran+zu+kommen,heranzukommen
heraus+fand,herausfand
heraus+findet,herausfindet
heraus+gab,herausgab
heraus+gebracht,herausgebracht
heraus+gegeben,herausgegeben
heraus+gekommen,herausgekommen
heraus+gelöst,herausgelöst
heraus+geschnitten,herausgeschnitten
heraus+gibt,herausgibt
heraus+kam,herauskam
heraus+kamen,herauskamen
heraus+kommen,herauskommen
heraus+kommt,herauskommt
heraus+ragen,herausragen
heraus+ragt,herausragt
herausragenst*,herausragendst*
heraus+stell*,herausstell*
Herausvorderung,Herausforderung
heraus+zu+finden,herauszufinden
heraus+zu+halten,herauszuhalten
herraus,heraus
herrausragend,herausragend
Herrrschaft,Herrschaft
Herrrscher,Herrscher
Herschaft,Herrschaft
Herscher,Herrscher
herum+führen,herumführen
herum+führt,herumführt
herum+führte,herumführte
herum+geführt,herumgeführt
herum+lag,herumlag
herum+liegen,herumliegen
herum+liegt,herumliegt
herum+zu+führen,herumzuführen
hervoragen,hervorragen
hervoragend,hervorragend
hervor+gegangen*,hervorgegangen*
hervor+ging,hervorging – außer in Vorfeldstellung
hervorragenste,hervorragendste
Hierachie,Hierarchie
hierachisch,hierarchisch
hierführ,hierfür
hiess,hieß
Hilfsfond,Hilfsfonds
hinaus+gehen,hinausgehen − als Infinitiv oder am Ende eines Nebensatzes
hinaus+gehend*,hinausgehend* − insb. „darüber hinausgehend*“
hinaus+geht,hinausgeht
hinaus+ging,hinausging
hinaus+gingen,hinausgingen
hinaus+will,hinauswill
hingegegen,hingegen
Hintegrund,Hintergrund
Hintergund,Hintergrund
hinterliess,hinterließ
hinterliessen,hinterließen
hinweg+täuschen,hinwegtäuschen
hinzu+gefügt*,hinzugefügt*
hinzu+gekommen*,hinzugekommen*
Hobbies,Hobbys
Hochaus,Hochhaus
Hochäuser,Hochhäuser
höchst+gelegene*,höchstgelegene* – i. S. v. am höchsten liegende*
Hofffnung,Hoffnung
Hoffung,Hoffnung
höherere*,höhere*
höherwertigere*,höherwertige*
höhren,"hören,höheren"
höhrt,hört
Homage,Hommage
hunderste*,hundertste*
idendifizier*,identifizier*
idenfiziert,identifiziert
idiopatisch*,idiopathisch*
ihm+Rahmen,im Rahmen
ihrere,ihrer / ihre
illigitim,illegitim
im+besonderen+Maße,in besonderem Maße – evtl. auch besonders
im+Bezug+auf,in Bezug auf
Imbus,Inbus
im+dem,in dem / im – aber: „Im dem Wetter zugewandten Westteil …“ 
im+den,in den / in dem / ihm den / …
im+der,in der / im / ihm der / …
im+deutschsprachigem,im deutschsprachigen
im+diesem,in diesem / in diesen
im+diesen,in diesem / in diesen
im+einem,in einem
im+großem,in großem / im großen
im+großen+Umfang,in großem Umfang
im+hohen+Maße,in hohem Maße
immernoch,immer noch
immmer,immer
Impendanz*,Impedanz*
im+seinem,in seinem
im+selbem,im selben
inbesondere,insbesondere
inclusive,inklusive
"Brief,+indem","Brief, in dem"
Independet,Independent
indeß,indes
in+deutschsprachigen+Raum,im deutschsprachigen Raum
individiuell,individuell
Industie,Industrie
Industriealisierung,Industrialisierung
inerhalb,innerhalb
innenstädtisch,innerstädtisch
Infantrie,Infanterie
infiszier*,infizier*
in Folge,infolge
in+Folge+der,infolge der
in+Folge+des,infolge des
in+Folge+einer,infolge einer
in+Folge+eines,infolge eines
in+Folge+von,infolge von
in+Folge+dessen,infolgedessen / infolge dessen / in dessen Folge
Ingeneur,Ingenieur
ingesamt,insgesamt
Ingredenzien,Ingredienzien
Inhaltstoff,Inhaltsstoff
Initation*,Initiation* / Imitation*
Initative,Initiative
Initator,Initiator
Initialie,Initiale
Initialien,Initialen
initieren,initiieren
initiert,initiiert
Inititative,Initiative
Iniziative,Initiative
in+Jahre,im Jahre – sofern eine Zahl folgt
in+Laufe,im Laufe
in+mitten,inmitten – „in Mitten“ ist genauso falsch
inne+gehabt,innegehabt
inne+haben,innehaben
inne+hat,innehat
inne+hatte,innehatte
inne+hatten,innehatten
Innenaustattung,Innenausstattung
inne+zu+haben,innezuhaben
innnerhalb,innerhalb
Insbruck,Innsbruck
in+selben+Jahr,im selben Jahr
insgesammt,insgesamt
Insitut,Institut
Insitution,Institution
in+so+fern,insofern
in+sofern,insofern
insofern+als+dass,"Komma vor „insofern“, „dass“ entfernen"
insofern+als+das,"Komma vor „insofern“, „das“ nur vor einem Neutrum"
insofern+dass,"insofern[,] als"
instandgehalten,"instand gehalten, in Stand gehalten"
instandgesetzt,"instand gesetzt, in Stand gesetzt – nur als Adjektiv auch in einem Wort"
instandhalten,"instand halten, in Stand halten"
instandsetzen,"instand setzen, in Stand setzen"
instandzusetzen,"instand zu setzen, in Stand zu setzen"
Instituion,Institution
Instiut,Institut
Instiution,Institution
Instutition*,Institution*
inszinieren,inszenieren
Inszinierung,Inszenierung
integiert,integriert
intelektuell*,intellektuell*
intenational,international
intepretiert,interpretiert
Interese,Interesse
interesiert,interessiert
Intergration,Integration
intergriert,integriert
Internetpräsens,Internetpräsenz
interresiert,interessiert
Interresse,Interesse
interressiert,interessiert
Intiative,Initiative
Intrument*,Instrument*
Inverstor,Investor
in+vivo+Experiment,In-vivo-Experiment
in+wie+weit,inwieweit
in+wieweit,inwieweit
inwischen,inzwischen
irgend+ein,irgendein
irgend+eine,irgendeine
irgend+einem,irgendeinem
irgend+einen,irgendeinen
irgend+einer,irgendeiner
irgend+eines,irgendeines
irrtümlicher+Weise,irrtümlicherweise – Erläuterung
italenisch*,italienisch*
Italienier*,Italiener*
italiensch,italienisch
italiensich*,italienisch*
Jägerbatallion,Jägerbataillon
Jahhundert,Jahrhundert
Jahhunderte,Jahrhunderte
Jahhunderts,Jahrhunderts
des+Jahre,des Jahres – Ausnahmen möglich
Jahren+alten,Jahre alten – aber z. B. Milliarden von Jahren alten
Jahrhudert,Jahrhundert
Jahrhunder,Jahrhundert
des+*+Jahrhundert,des * Jahrhunderts):
des+1.+Jahrhundert,des 1. Jahrhunderts
des+2.+Jahrhundert,des 2. Jahrhunderts
des+3.+Jahrhundert,des 3. Jahrhunderts
des+4.+Jahrhundert,des 4. Jahrhunderts
des+5.+Jahrhundert,des 5. Jahrhunderts
des+6.+Jahrhundert,des 6. Jahrhunderts
des+7.+Jahrhundert,des 7. Jahrhunderts
des+8.+Jahrhundert,des 8. Jahrhunderts
des+9.+Jahrhundert,des 9. Jahrhunderts
des+10.+Jahrhundert,des 10. Jahrhunderts
des+11.+Jahrhundert,des 11. Jahrhunderts
des+12.+Jahrhundert,des 12. Jahrhunderts
des+13.+Jahrhundert,des 13. Jahrhunderts
des+14.+Jahrhundert,des 14. Jahrhunderts
des+15.+Jahrhundert,des 15. Jahrhunderts
des+16.+Jahrhundert,des 16. Jahrhunderts
des+17.+Jahrhundert,des 17. Jahrhunderts
des+18.+Jahrhundert,des 18. Jahrhunderts
des+19.+Jahrhundert,des 19. Jahrhunderts
des+20.+Jahrhundert,des 20. Jahrhunderts
des+21.+Jahrhundert,des 21. Jahrhunderts
Jahrundert,Jahrhundert
Jahrunderte,Jahrhunderte
Jahrunderts,Jahrhunderts
Jahrzent,Jahrzehnt
Jahrzente,Jahrzehnte
Jahundert,Jahrhundert
Jahunderte,Jahrhunderte
Jahunderts,Jahrhunderts
Jäner,Jänner
Janur,Januar
Jarh,Jahr
Jarhundert,Jahrhundert
Jarhunderte,Jahrhunderte
Jarhunderts,Jahrhunderts
jdoch,jedoch
jedch,jedoch
je+nach+dem+*,"je nachdem[,] *):"
je+nach+dem+ob,"je nachdem[,] ob"
je+nach+dem+was,"je nachdem[,] was"
je+nach+dem+wer,"je nachdem[,] wer"
je+nach+dem+wie,"je nachdem[,] wie"
jeoch,jedoch
jeodch,jedoch
jeweil,jeweils
jeweis,jeweils
Jospeh,Joseph
Jounalist,Journalist
Joyces,Joyce’
Jubiliäum,Jubiläum
Jugenstil*,Jugendstil*
Jungend*,Jugend* – Ausnahme u. a. Jungendmoränenwall
Justitz,Justiz
Kabaret,Kabarett
Kaiserlautern,Kaiserslautern
Kandidad,Kandidat
Kanditat,Kandidat
Kappelle,Kapelle
Karierre,Karriere
Karrikaturist,Karikaturist
karrikieren,karikieren
Kasachsten,Kasachstan
Kasette*,Kassette*
Katerogie,Ka­te­go­rie
kathegorisch,kategorisch
Kenntnise,Kenntnis
Kenntniss,Kenntnis
Kennzeichnug,Kennzeichnung
Kentnis,Kenntnis
Kentnisse,Kenntnisse
Kirchtum,Kirchturm
klar+gemacht,klargemacht
klar+gekommen,klargekommen
klar+kam,klarkam
klar+kommen,klarkommen
klar+macht,klarmacht
klar+zu+kommen,klarzukommen
klassich,klassisch
klassiche,klassische
klassichen,klassischen
klassicher,klassischer
des+Kloster,des Klosters
km2,km²
kmh,km/h
Kofession*,Konfession*
Kollission*,Kollision*
Kollonade,Kolonnade
Komandant,Kommandant
Komandanten,Kommandanten
Komando,Kommando
Komandos,Kommandos
komerziell,kommerziell
Komissar,Kommissar
Komissariat,Kommissariat
komissarisch*,kommissarisch*
Komission,Kommission
komlett,komplett
Kommilitionen,Kommilitonen
Kommision,Kommission
Kommitee,Komitee
Kommittee,Komitee
kommmen,kommen
Kommunkation,Kommunikation
Kompentenz,Kompetenz
Könföderierte,Konföderierte
Konförderierte,Konföderierte
könglich,königlich
Köngreich,Königreich
Königsreich,Königreich
Königstum,Königtum
Konkurenz*,Konkurrenz*
konkurieren*,konkurrieren*
konkuriert*,konkurriert*
könnnen,können
Konservationslexikon,Konversationslexikon
konte,konnte
Kontigent*,Kontingent*
konventionnell,konventionell
korregieren,korrigieren
korregiert,korrigiert
Krankeit*,Krankheit*
Krankenaus,Krankenhaus
Kreuzug*,Kreuzung* / Kreuzzug*
Kriche,Kirche
Kriegschiff,Kriegsschiff
kummulieren,kumulieren
Kunsstoff*,Kunststoff*
Kunstaustellung*,Kunstausstellung*
Künster,Künstler
Kunstoff,Kunststoff
Kunstoffe,Kunststoffe
Kurfüst*,Kurfürst*
kurzeitig*,kurzzeitig*
läd,lädt
des+Landesamt,des Landesamtes/Landesamts
Landesaustellung,Landesausstellung
Landesprache,Landessprache
des+Landkreis,des Landkreises
landsmannschaftschaftliche,landsmannschaftliche
Landwirschaft,Landwirtschaft
landwirschaftlich,landwirtschaftlich
langezogen*,langgezogen* – auch richtig: lang gezogen*)
langläufig,landläufig
Lapalie,Lappalie
Lassithi,Lasithi
läst,lässt
lateinsch,lateinisch
lateinsche*,lateinische*
Lebenstil*,Lebensstil*
legänder*,legendär*
Leherin*,Lehrerin*
Leibzig,Leipzig
Leichathlet*,Leichtathlet*
Leichnahm,Leichnam
letze,letzte
letzem,letztem
letzen,letzten
letzendlich,letztendlich
letzer,letzter
letzere,letztere
letzerem,letzterem
letzeren,letzteren
letzerer,letzterer
letzeres,letzteres
letzes,letztes
letzlich,letztlich
letztenendes,letzten Endes
Lexikas,Lexika
Liason,Liaison
lies+sich,ließ sich – in schweizbezogenen Artikeln liess sich
liess,ließ
lieβ,ließ
liesse,ließe
liessen,ließen
ließt,er/sie/es liest; ließ; fließt
Lilliputaner,Liliputaner
literaisch,literarisch
literatisch,literarisch
lizensieren,lizenzieren
lizensiert,lizenziert
lizensierte,lizenzierte
lizensiertem,lizenziertem
lizensierten,lizenzierten
lizensierter,lizenzierter
lizensiertes,lizenziertes
Lizensierung,Lizenzierung
Londonder,Londoner
los+geworden,losgeworden
los+werden,loswerden
los+wird,loswird
los+wurde,loswurde
los+wurden,loswurden
los+zu+werden,loszuwerden
Louisana,Louisiana
Lousiana,Louisiana
Luwig,Ludwig
Lybien,Libyen
lybisch,libysch
lybische,libysche
lybischem,libyschem
lybischen,libyschen
lybischer,libyscher
lybisches,libysches
machmal,manchmal
Manhatan,Manhattan
Manhatten,Manhattan
Manhetten,Manhattan
Manschaft,Mannschaft
Manmschaft,Mannschaft
Mannhattan,Manhattan
Mannöver,Manöver
Mannschaf,Mannschaft
Mannschaftt,Mannschaft
Mansardach,Mansarddach
Mansardendach,Mansarddach – österreichbezogen auch Mansardendach
Manssarddach,Mansarddach
Markplatz,Marktplatz
marrokanisch*,marokkanisch*
marrokkanisch*,marokkanisch*
Maroko,Marokko
Marrokko,Marokko
Marroko,Marokko
Marylin,meist Marilyn
Marytrium,Martyrium
Märtyrium,Martyrium
Maschiene,Maschine
Maschienen,Maschinen
mässig,mäßig
mässige,mäßige
mässigem,mäßigem
mässigen,mäßigen
mässiger,mäßiger
mässiges,mäßiges
Mass,Maß
Massgabe,Maßgabe
Massgaben,Maßgaben
massgebend,maßgebend
massgebende,maßgebende
massgebendem,maßgebendem
massgebenden,maßgebenden
massgebender,maßgebender
massgebendes,maßgebendes
massgeblich,maßgeblich
massgebliche,maßgebliche
massgeblichem,maßgeblichem
massgeblichen,maßgeblichen
massgeblicher,maßgeblicher
massgebliches,maßgebliches
masslos,maßlos
masslose,maßlose
masslosen,maßlosen
massloser,maßloser
massloses,maßloses
Massnahme,Maßnahme
Massnahmen,Maßnahmen
matematisch,mathematisch
Matraze,Matratze
Matritze,Matrize oder Matrix
Maximillian,meist Maximilian
Medailie,Medaille
Medaillie,Medaille
Medailliengewinner,Medaillengewinner
Medailliengewinnerin,Medaillengewinnerin
Medaillion,Medaillon
Medallie,Medaille
Medalliengewinner,Medaillengewinner
Medalliengewinnerin,Medaillengewinnerin
medizisch,medizinisch
medizische*,medizinische*
Meerespiegel,Meeresspiegel
Meeresspegel,Meeresspiegel
mehere,mehrere
meheren,mehreren
meherer,mehrerer
mehre,meist mehrere
mehren,gelegentlich mehreren
mehrer,häufig mehrerer oder mehrere
mehrerere,mehrere
mehrtätige,mehrtägige
meisst,meist
meißt*,meist*
meistbesuchtesten,meistbesuchten
meist+gelesene*,meistgelesene* – falls „am häufigsten gelesene*“ gemeint ist
meist+gesehene*,meistgesehene* – falls „am häufigsten gesehene*“ gemeint ist
meist+gesuchte*,meistgesuchte* – falls „am häufigsten gesuchte*“ gemeint ist
meits,meist
mengemässig,mengenmäßig
mengenmässig,mengenmäßig
Mensche,Menschen
Menscheit,Menschheit
Menschens,Menschen
Messystem,Messsystem
Metereologe,Meteorologe
Metereologie,Meteorologie
metereologisch,meteorologisch
Meterologie,Meteorologie
meterologisch,meteorologisch
Mettal,Metall
Micheal,meist Michael
Miglied,Mitglied
Milionen,Millionen
Militärdikatur,Militärdiktatur
Millarde,Milliarde
Millarden*,Milliarden*
Millenium,Millennium
Millione,Millionen
eine+Millionen,eine Million – aber eine Millionen Jahre alte
einer+Millionen,einer Million – aber einer Millionen Jahre alten
Millitär,Militär
millitärisch,militärisch
Millon,Million
Millonen,Millionen
Miltär,Militär
miltärisch,militärisch
Miltitär,Militär
miltitärisch,militärisch
minimalste,minimale
minimalster,minimaler
minimalstes,minimales
des+Ministerium,des Ministeriums
Ministerpäsident,Ministerpräsident
mit+einander,miteinander – mit wenigen Ausnahmen wie „zwei Bretter mit einander zugewandten Öffnungen“
Mitgleid,Mitglied
mit+großen+Abstand,mit großem Abstand
mitlerweile,mittlerweile
Mitlied,Mitglied
mit+samt,mitsamt
Mittelater,Mittelalter
mittelaterlich,mittelalterlich
mittelständige,mittelständische
mittelständigen,mittelständischen
mittelständiger,mittelständischer
mittelständiges,mittelständisches
Mitteralter,Mittelalter
mitteralterlich,mittelalterlich
Mitterand,Mitterrand oder François Mitterrand
Mittglied,Mitglied
mittlerweilen,mittlerweile
Mittschnitt,Mitschnitt
Mobiletelefon*,Mobiltelefon*
möglicht,möglich oder möglichst
mordern,modern
morderne,moderne
mordernen,modernen
morderner,moderner
mordernes,modernes
morgentlich*,morgendlich*
morgends,morgens
Museeum,Museum
mutmasslich,mutmaßlich
mutmassliche,mutmaßliche
mutmasslichem,mutmaßlichem
mutmasslichen,mutmaßlichen
mutmasslicher,mutmaßlicher
mutmassliches,mutmaßliches
nachdem+Krieg,nach dem Krieg
nachdem+Tod,nach dem Tod
Nachkommens,Nachkommen
nächst+gelegene*,nächstgelegene*
nächst+größere*,nächstgrößere*
nächst+höhere*,nächsthöhere*
nächst+kleinere*,nächstkleinere*
nächst+niedrigere*,nächstniedrigere*
nächst+tiefere*,nächsttiefere*
nachwievor,nach wie vor
Nahaufname,Nahaufnahme
nahegelegenste,nächstgelegene
nahe+gekommen,nahegekommen
nahe+gelegt,nahegelegt
nahe+gestanden,nahegestanden
nahe+kam,nahekam
nahe+kommen,nahekommen
nahe+kommt,nahekommt
nahe+legen,nahelegen
nahe+legte,nahelegte
nahe+stand,nahestand
nahe+stehen,nahestehen
nahe+stehend,nahestehend
nahe+steht,nahesteht
naheste,nächste
näheste*,nächste*
nahesten,nächsten
nahe+zu+kommen,nahezukommen
nahe+zu+legen,nahezulegen
nahe+zu+stehen,nahezustehen
nähmlich,nämlich - besser ganz darauf verzichten
namenlich,namentlich
namenslos,namenlos
des+Names,des Namens
Namne,Namen
narzistisch,narzisstisch
Natiomnal*,National*
Nazionalsoz*,Nationalsoz*
nciht,nicht
Nervösität,Nervosität
nich,nicht
nichtmehr,nicht mehr
den+Niederlande,den Niederlanden
die+Niederlanden,die Niederlande / den Niederlanden
niedersächisch,niedersächsisch
niedersächsich*,niedersächsisch*
niedrieg,niedrig
Niesche,Nische
nihct,nicht
nix,nichts
nocheinmal,noch einmal
nordeutsch,norddeutsch
Nordeutschland,Norddeutschland
nordlich,nördlich
nördöstlich*,nordöstlich*
nördwestlich*,nordwestlich*
normanisch*,normannisch*
notwendiger+Weise,notwendigerweise – Erläuterung
notwenig*,notwendig*
numehr,nunmehr
Numerus+Clausus,Numerus clausus
des+Oberbefehlshaber,des Oberbefehlshabers
objekiv,objektiv
obrige,obige
obrigen,obigen
obriger,obiger
öffenlich,öffentlich
offizell*,offiziell*
Offizer,Offizier
offiziel,offiziell
offiziele*,offizielle*
offziell,offiziell
offzielle,offizielle
ofiziell*,offiziell*
Olympiamedaillie*,Olympiamedaille*
Olympiamedallie*,Olympiamedaille*
Olympische*+Bronzemedaillen,olympische* Bronzemedaillen
Olympische*+Goldmedaillen,olympische* Goldmedaillen
Olympische*+Silbermedaillen,olympische* Silbermedaillen
Omlett,Omelett
optimalste,optimale
optimalster,optimaler
optimalstes,optimales
des+Orden,des Ordens – Ausnahmen: spanische Bezeichnungen
Ordnug,Ordnung
Ordung*,Ordnung*
organisert*,organisiert*
Organistion,Organisation
Organsiation,Organisation
organsich,organisch
Organsisation,Organisation
Orgeon,Oregon
orginal,original
orginale,originale
orginalen,originalen
orginell,originell
orignal,original
orignell,originell
Orsteil*,Ortsteil*
des+Ortsnamen,des Ortsnamens
des+Ortsteil,"des Ortsteils, des Ortsteiles"
Ortteil,Ortsteil
Östereich*,Österreich*
österreichich*,österreichisch*
Österreisch*,Österreich*
Österrreich*,Österreich*
Overtüre,Ouvertüre
Packet,Paket
palästinesisch,palästinensisch
Palete,Palette
Paleten,Paletten
Pallete,Palette
Palleten,Paletten
Pallette,Palette – Ausnahme u. a. Eugene Pallette
Palletten,Paletten
Panele,Paneele
Panelen,Paneelen
Panthotensäure,Pantothensäure
paralell,parallel
Parcour,Parcours
parralel,parallel
parrallel,parallel
Päsident,Präsident
patroullieren,patrouillieren
patroulliert,patrouilliert
Pavillion,Pavillon
Peleponnes*,Peloponnes*
Pensionsfond,Pensionsfonds
Pepperoni,Peperoni
Perlmut,Perlmutt
perönlich*,persönlich*
persöhnlich*,persönlich*
Pestepedemie*,Pestepidemie*
Philantrop*,Philanthrop*
Philipinen,Philippinen
Philipinisch,Philippinisch
philipinischer,philippinischer
Philippien*,Philippin*
Philisoph,Philosoph
Philisophie,Philosophie
philisophisch,philosophisch
Phillipinen,Philippinen
Philosopie,Philosophie
Philosph,Philosoph
Philosphie,Philosophie
philosphisch,philosophisch
Philsophie,Philosophie
philsophisch,philosophisch
photografiert,fotografiert
piktoresk,pittoresk
Planze,Pflanze
Planzen*,Pflanzen* – Ausnahme u. a. Planzentrum
Politk,Politik
Politker*,Politiker*
politsch,politisch
politsche,politische
politschen,politischen
politscher,politischer
politsches,politisches
poltisch*,politisch*
Polzei*,Polizei* – aber: Polzeiger
portugiesich*,portugiesisch*
Positon,Position
postiv,positiv
Prädident*,Präsident*
Präperat,Präparat
prinzipell*,prinzipiell*
Prinzipen,Prinzipien
Priveleg,Privileg
an_Privat,an_privat
priveligiert,privilegiert
Priviligien*,Privilegien*
priviligiert,privilegiert
pro-amerikanisch,proamerikanisch
Progrom,Pogrom
projezieren,projizieren
projeziert,projiziert
Prophezeihung*,Prophezeiung*
Provinzhaupstadt,Provinzhauptstadt
Prozeße,Prozesse
Psychatrie,Psychiatrie
pysik*,physik*
Ralley,"Rallye oder auch mal Rally, je nach Kontext"
Ralleyfahrer,Rallyefahrer
Rebublik,Republik
Rechtspruch,Rechtsspruch
Rechtstaat,Rechtsstaat
rechtstaatlich,rechtsstaatlich
rechtwinklich,rechtwinklig
rechtwinkling,rechtwinklig
rechzeitig,rechtzeitig
reduntant,redundant
Reeling,Reling
Reflektion,Reflexion
regelmässig,regelmäßig
regelmässige,regelmäßige
regelmässigem,regelmäßigem
regelmässigen,regelmäßigen
regelmässiger,regelmäßiger
regelmässiges,regelmäßiges
in+der+Regeln,in der Regel
Reichtags*,Reichstags*
Reinbeck,Reinbek – Ausnahmen: siehe Reinbeck
Relgion*,Religion*
relgiös,religiös
Religiösität,Religiosität
Religon,Religion
Religonen,Religionen
religös,religiös
religösen,religiösen
Relion,Religion
reliösen,religiösen
Remineszenz,Reminiszenz
Rendevous,Rendezvous
Rennaisance,Renaissance
Rennaissance,Renaissance
des+Rennes,des Rennens
Renomee,Renommee
renomiert,renommiert
Renomme,Renommee
repäsentieren,repräsentieren
repäsentiert,repräsentiert
Reperatur*,Reparatur*
Resourcen,Ressourcen
Retorik,Rhetorik
retorisch,rhetorisch
Rhytmen,Rhythmen
rhytmisch,rhythmisch
rhytmische,rhythmische
Rhytmus,Rhythmus
richtig+stellen,richtigstellen – im Sinn von „korrigieren“
richtig+gestellt,richtiggestellt – aber z. B. „Sind die Weichen richtig gestellt?“
Richtline,Richtlinie
Richung,Richtung
rigde,ridge
rihgt,right
Riskio,Risiko
Risko,Risiko
Rossevelt,Roosevelt
Rückgrad,Rückgrat
Rückrad,Rückgrat
Rückrat,Rückgrat
Runkfunk*,Rundfunk*
russich,russisch
russiche,russische
russichen,russischen
russicher,russischer
russsich,russisch
russsisch,russisch
russsische,russische
russsischen,russischen
Rythmen,Rhythmen
rythmisch,rhythmisch
rythmische,rhythmische
Rythmus,Rhythmus
sächisch*,sächsisch*
sächsich,sächsisch
sächsiche,sächsische
sächsichen,sächsischen
Santiago+de+Compostella,Santiago de Compostela
Sarkopharg,Sarkophag
sassen,saßen
Sateliten*,Satelliten*
satzungsgemäss,satzungsgemäß
S-Bahnstation,S-Bahn-Station
schafte,schaffte
Schaupiel*,Schauspiel*
Scheiz,Schweiz
schief+geht,schiefgeht
schief+läuft,schiefläuft
schillernste*,schillerndste*
schliessen,schließen
schliesslich,schließlich
schlieβlich,schließlich
schliesst,schließt
Schrifsteller*,Schriftsteller*
Schriftseller,Schriftsteller
zu+schulden,zuschulden oder zu Schulden
schweizer,Schweizer
schwer+fällt,schwerfällt
Seeman,Seemann
seemänisch,seemännisch
sehenwert,sehenswert
Sehenwürdigkeit,Sehenswürdigkeit
Sehenwürdigkeiten,Sehenswürdigkeiten
seiner+eigene,seiner eigenen / seine eigene
seit+dem,"seitdem – als Adverb oder Konjunktion in einem Wort), z. B.:"
seit+dem+die,seitdem die
seit+dem+ein,seitdem ein
seit+dem+hat,seitdem hat
seit+dem+ist,seitdem ist
seit+dem+war,seitdem war
seit+dem+wurde*,seitdem wurde*
seperat,separat
seperate,separate
seperatem,separatem
seperaten,separaten
Seperation,Separation
Seperatist*,Separatist*
Septmber,September
Septmeber,September
Seriösität,Seriosität
sicher+gestellt,sichergestellt
sich+er+sich,er sich
sicher+stellen,"sicherstellen – „gewährleisten“, „in Verwahrung nehmen“"
sicher+stellt*,sicherstellt* – mindestens eine Ausnahme
sicher+zu+stellen,sicherzustellen
Silbermedaillie*,Silbermedaille*
Silbermedallie*,Silbermedaille*
Siluette,Silhouette
Simmulation*,Simulation*
simmulieren,simulieren
sinvoll,sinnvoll
Situtation,Situation
Skagerak,Skagerrak
sobald+als+möglich,so bald als möglich
sobald+wie+möglich,so bald wie möglich
sodaß,"sodass, so dass"
sogenante,sogenannte
sogenanten,sogenannten
einem+solchem,einem solchen
sonder,sondern
Souveranität,Souveränität
soweit+als+möglich,so weit als möglich
soweit+wie,so weit wie
Sowietunion,Sowjetunion
spezialiser*,spezialisier*
speziel,speziell
Spritualität,Spiritualität
sprituell,spirituell
Staatstreich*,Staatsstreich*
Stadbild,Stadtbild / Standbild
Staddteil,Stadtteil
des+Stadion,des Stadions
Stadmauer,Stadtmauer
Stadteil*,Stadtteil*
Stadtor,Stadttor
Standart,Standard – Ausnahme u. a. eine bulgarische Zeitung
Standarts,Standards
statt+fand,stattfand
statt+finden,stattfinden
statt+findet,stattfindet
statt+gegeben,stattgegeben
Stehgreif,Stegreif
stellverteten,stellvertreten
Stellverteter,Stellvertreter
stellvertrend*,stellvertretend*
stiess,stieß
Stimmulation,Stimulation
Stömung,Strömung
Stoss,Stoß
stossen,stoßen
Stossfänger,Stoßfänger
Stossstange,Stoßstange
stösst,stößt
Strasse,Straße
strukur*,struktur*
subsummier*,subsumier*
sumieren,summieren
sumiert,summiert
symetrisch*,symmetrisch*
symphatisiert,sympathisiert
Synomym,Synonym
Synomyn,Synonym
Syphon,Siphon
Sytem,System
Sytematik,Systematik
sytematisch,systematisch
Tag-+und+Nachtgleiche,"Tagundnachtgleiche, Tag-und-Nacht-Gleiche"
Teakwondo,Taekwondo
teiweise,teilweise
Temparatur*,Temperatur*
tendentiell*,tendenziell*
Terasse,Terrasse
Terassen,Terrassen
Terrabyte,Terabyte
Tocher,Tochter – Ausnahme:
Tolleranz,Toleranz
tollerieren,tolerieren
tolleriert,toleriert
totkrank,todkrank
Tradion*,Tradition*
traditionel,traditionell
Traditon*,Tradition*
Tradtion*,Tradition*
Tragikkomödie,Tragikomödie
Trainig*,Training*
Transskri*,"Transkript(ion), transkribieren usw."
Triologie,Trilogie
Triumpf,Triumph
trotzdessen,trotzdem
trozdem,trotzdem
Tryptichon,Triptychon
Triptichon,Triptychon
Tryptychon,Triptychon
Tunier*,Turnier*
Turismus,Tourismus
Turist,Tourist
typischer+Weise,typischerweise – wenn nicht in vorangeht
überarbeitetet*,überarbeitete/überarbeitet/…
überarbeite+und+erweiterte,überarbeitete und erweiterte
überlegende,überlegene – außer im Sinne von „nachdenkende“
überlegenden,überlegenen – außer im Sinne von „nachdenkenden“
überlicherweise,üblicherweise
Ukrainie,Ukraine
umbenn*,findet u. a. die folgenden Tippfehler
umbennant,umbenannt
umbennen,umbenennen
umbennenen,umbenennen
umbennennen,umbenennen
Umbennennung,Umbenennung
Umbennenung,Umbenennung
Umbennung,Umbenennung/Umnennung
umd,und/um
umgangsprach*,umgangssprach*
Umgangsprache,Umgangssprache
umgangsprachlich,umgangssprachlich
umgangsprachliche,umgangssprachliche
umgangsprachlicher,umgangssprachlicher
umittelbar,unmittelbar
umstrittend*,umstritten*
umzubennen,umzubenennen oder umzunennen
Unabhängikeit,Unabhängigkeit
Unabhängkeit,Unabhängigkeit
unabhänig,unabhängig
Unabhänigkeit,Unabhängigkeit
unauthorisiert,unautorisiert
unbenannt+wurde,umbenannt wurde
und+sowie,"und/sowie – Ausnahme: und sowie ich draußen bin, …"
und+und,und
Unfang*,Umfang*
unfasst*,umfasst*
ungekehrt,umgekehrt
Univerität*,Universität*
Universiät*,Universität*
Universtät*,Universität*
Universtität*,Universität*
unsymetrisch,unsymmetrisch
unteranderem,unter anderem
unter+einander,untereinander
Untergund,Untergrund
Untericht,Unterricht
unterichtet,unterrichtet
unteriridisch,unterirdisch
Unternehmes*,Unternehmens*
Unternehms*,Unternehmens*
unterstüz*,unterstützt
unterstüzt,unterstützt
Unterstüzung,Unterstützung
Unversität*,Universität*
unversal*,universal*
unwegbar,unwägbar oder unwegsam
Urkaine,Ukraine
Urprung,Ursprung
urprünglich*,ursprünglich*
ürsprünglich*,ursprünglich*
urspünglich*,ursprünglich*
Ursurpator,Usurpator
usprünglich*,ursprünglich*
variert,variiert
varrier*,variier*
Vehrkehr*,Verkehr*
Vekehr*,Verkehr*
venezuelanisch*,venezolanisch*
venizianisch*,venezianisch*
verabeitet,verarbeitet
Verabeitung*,Verarbeitung*
veraltert*,veraltet*
verantworlich*,verantwortlich*
Veranwtortung,Verantwortung
Verbauch*,Verbrauch*
verbeitet*,verbreitet*
Verbeitung*,Verbreitung*
die+verblieben,die verbliebenen/verbliebene – wenn die nicht Relativpronomen ist
verbliebende*,verbliebene* / verbleibende*
verbreiteste*,verbreitetste*
verbreiteteste*,verbreitetste*
vereingt*,vereinigt*
Gegebenenfalls [[Vereinigte Staaten]] in [[Vereinigte Staaten|Vereinigten Staaten]] ändern:,
den+Vereinigte+Staaten,den Vereinigten Staaten
der+Vereinigte+Staaten,der Vereinigten Staaten
die+Vereinigte+Staaten,die Vereinigten Staaten
vereiningt,vereinigt
vergleichweise,vergleichsweise
vergößer*,vergrößer*
vergrössern,vergrößern
vergrössert,vergrößert
vergrösserte,vergrößerte
vergrösserten,vergrößerten
vergrösserter,vergrößerter
vergrössertes,vergrößertes
Vergrösserung,Vergrößerung
Vergrösserungen,Vergrößerungen
verhaeltnismaessig,verhältnismäßig
verhältnismässig,verhältnismäßig
verheiratetet,verheiratet
verkündetet,verkündet
verliess,verließ
veröffendlicht,veröffentlicht
Veröffendlichung,Veröffentlichung
veröffentlich,veröffentlicht – Imperativ ausgenommen
verplichtet,verpflichtet
verschiedende*,verschiedene*
verschiedendste*,verschiedenste*
verschiederne,verschiedene
verschienden*,verschieden*
Verschleiss,Verschleiß
verschohnen,verschonen
verspühren,verspüren
verspührt,verspürt
Verständis,Verständnis
Vertäge,Verträge
vertaglich,vertraglich
Verteidung,Verteidigung
Verwaltungsitz,Verwaltungssitz
Verwandschaft,Verwandtschaft
verwandschaftlich*,verwandtschaftlich*
Vetrag,Vertrag
Veträge,Verträge
vetraglich,vertraglich
vetraut,vertraut
vieleicht,vielleicht
vollkommend*,vollkommen*
vom+dem,von dem / vom
vom+der,von der / vom / der – mit ein paar Ausnahmen
vom+dessen,von dessen
vom+ihm,von ihm - mit einigen Ausnahmen und unklaren Formulierungen
vom+ihr,von ihr - mit einigen Ausnahmen
von+einander,voneinander – in den meisten Fällen
getrennt+von+einander,getrennt voneinander
unabhängig+von+einander,unabhängig voneinander
von+einander+entfernt,voneinander entfernt
von+einander+getrennt,voneinander getrennt
von+einander+unterscheiden,voneinander unterscheiden
von+einander+unterschieden,voneinander unterschieden
von+einander+zu,voneinander zu
von+nöten,"vonnöten, z. B. vonnöten sein"
von+statten,"vonstatten – mit gehen: vonstattengehen, vonstattenging usw."
von+von,von
vorallem,vor allem
vorallen,vor allem
vor+allen+in,vor allem in – i. S. v. „in erster Linie in“ o. „besonders in“
voran+bracht*,voranbracht*
voran+bringen,voranbringen
Vorang,Vorrang
voran+gebracht,vorangebracht
voran+gegangen*,vorangegangen*
den+vorangegangen,den vorangegangenen
der+vorangegangen,der vorangegangenen
des+vorangegangen,des vorangegangenen
die+vorangegangen,die vorangegangenen / die vorangegangene – aber die vorangegangen waren
voran+gekommen,vorangekommen
voran+geschritten,vorangeschritten
voran+gestellt,vorangestellt
voran+ging,voranging – am Ende eines Nebensatzes
voran+kam*,vorankam* – in Vorfeldstellung getrennt
voran+kommen,vorankommen
voran+kommt,vorankommt
vorangig,vorrangig – auch voranging möglich
voran+schreitet,voranschreitet
voran+schritt,voranschritt
voran+zu+bringen,voranzubringen
voran+zu+kommen,voranzukommen
voran+zu+treiben,voranzutreiben
Vorausetzung*,Voraussetzung*
voraus+gegangen*,vorausgegangen*
vorausichtlich,voraussichtlich
Vorfahrens,Vorfahren – mit s nur als Genitiv von „das Vorfahren“
Vorgesetze,Vorgesetzte
vor+hatte,vorhatte
vorkommene,vorkommende
Vormachtsstellung,Vormachtstellung
von+vorn+herein,von vornherein – i. S. v. „von Anfang an“
vorranging,vorrangig – auch voranging möglich
vorraus*,voraus*
vorrüber*,vorüber*
vorweg+genommen*,vorweggenommen*
Wachholder,Wacholder
des+Wahlkreis,des Wahlkreises
währen+der,während der
währendessen,währenddessen
wahr+genommen,wahrgenommen – aber: für wahr genommen
wahr+nahm*,wahrnahm*
wahr+nehmen,wahrnehmen
wahr+nimmt,wahrnimmt
wahr+zu+nehmen,wahrzunehmen
Walfahrer,Wallfahrer
Walfahrt*,Wallfahrt*
wärend,während
Warheit,Wahrheit
warscheinlich,wahrscheinlich
Webblog*,Weblog*
Webpräsens,Webpräsenz
Wehrmutstropfen,Wermutstropfen
weiss,weiß
Weisswein,Weißwein
einem+weiterem,einem weiteren
im+weiterem,im weiteren
weiterere,weitere
weitereren,weiteren
weitesgehend,weitestgehend
Weltanschaung*,Weltanschauung*
dem+Ersten+Weltkrieges,dem Ersten Weltkrieg
im+Ersten+Weltkrieges,im Ersten Weltkrieg
dem+Ersten+Weltkriegs,dem Ersten Weltkrieg
im+Ersten+Weltkriegs,im Ersten Weltkrieg
dem+Zweiten+Weltkrieges,dem Zweiten Weltkrieg
im+Zweiten+Weltkrieges,im Zweiten Weltkrieg
dem+Zweiten+Weltkriegs,dem Zweiten Weltkrieg
im+Zweiten+Weltkriegs,im Zweiten Weltkrieg
am+wenigstens,am wenigsten
wesendlich,wesentlich
im+Wesentlichem,im Wesentlichen
wichig,wichtig
wichtigeste,wichtigste
Widerstandkämpfer,Widerstandskämpfer
widerum,wiederum
wieder+entdeckt,wiederentdeckt
Wiedererichtung,Wiedererrichtung
wiedergespiegelt*,widergespiegelt*
wieder+kehrend*,wiederkehrend*
Wiedersacher,Widersacher
wiedersetzen,widersetzen
wiederspiegeln,widerspiegeln
wiederspiegelt*,widerspiegelt*
wiedersprechen,widersprechen
wiedersprechend,widersprechend
wiedersprechende,widersprechende
Wiederspruch,Widerspruch
Wiedersprüche,Widersprüche
wiedersprüchlich,widersprüchlich
wiedersprüchliche,widersprüchliche
wiedersprüchlichen,widersprüchlichen
Wiederstand,Widerstand
Wiederstandskampf,Widerstandskampf
wiederstehen,widerstehen
wiederzuspiegeln,widerzuspiegeln
wiefolgt,wie folgt
Wihelm,Wilhelm
Wikipeda,Wikipedia
Wikpedia,Wikipedia
wirtschaflich,wirtschaftlich
wissenschaflich,wissenschaftlich
wissenschafltich,wissenschaftlich
Wissentschaft*,Wissenschaft*
Wochende,Wochenende
wohlgesonnen,wohlgesinnt
Wolfang,Wolfgang
Wolgang,Wolfgang
wurd,wurde
Würtemberg,Württemberg
würtembergische,württembergische
Yugoslawien,Jugoslawien
zeitgenösisch*,zeitgenössisch*
zeitgenössich*,zeitgenössisch*
zerissen,zerrissen
Zohne,Zone
zu+allererst,zuallererst
zuammen,zusammen
Zuammenhang,Zusammenhang
zueigen,zu eigen
zu+einander,zueinander
zuende,zu Ende
zu+Folge,zufolge / zur Folge – Ausnahme: „von Folge zu Folge“
zufrieden+geben,zufriedengeben – war 1996–2006 getrennt richtig
zugrundelag,"zugrunde lag, zu Grunde lag"
zugrundelegen,"zugrunde legen, zu Grunde legen"
zugrundeliegen,"zugrunde liegen, zu Grunde liegen"
zugrundeliegt,"zugrunde liegt, zu Grunde liegt"
zuhilfe,zu Hilfe
zu+Hilfenahme,Zuhilfenahme
zu+Last+gelegt*,zur Last gelegt*
zu+letzt,zuletzt
zumächst,zunächst
zum+dem,zu dem / zum – Ausnahme z. B. „zum dem Winterkrieg folgenden Fortsetzungskrieg“
zum+den,zu den / zu dem / zum / …
zum+erstem,zum ersten
zumindestens,zumindest
zu+nächst,zunächst
in+zunehmenden+Maße,in zunehmendem Maße
mit+zunehmenden+Alter,mit zunehmendem Alter
zunehmends,zunehmend – evtl. Verwechslung mit zusehends?
zur+…,zu … / zur):
zur+den,zu den
zur+der,zu der / zur
zur+dieser,zu dieser
zur+einem,zu einem
zur+einer,zu einer / zur / …
zur+ihr*,zu ihr – Ausnahmen denkbar
zur+seiner,zu seiner / zur – Ausnahmen denkbar
zurecht+…,zurecht…):
zurecht+finden,zurechtfinden
zurecht+kam,zurechtkam
zurecht+kommen,zurechtkommen
zurecht+kommt,zurechtkommt
zurecht+zu+finden,zurechtzufinden
zurecht+zu+kommen,zurechtzukommen
zurfolge,zur Folge / zufolge – Erklärung bei korrekturen.de
zurück+ge*,zurückge* – Partizip Perfekt
zurück+gebaut,zurückgebaut
zurück+geblieben,zurückgeblieben
zurück+gebracht,zurückgebracht – aber: „nach Amerika und zurück gebracht“
zurück+gedrängt,zurückgedrängt
zurück+gefallen,zurückgefallen
zurück+gefunden,zurückgefunden
zurück+geführt,zurückgeführt
zurück+gegangen*,zurückgegangen* – aber: „zur Greizer Hütte und zurück gegangen“
zurück+gegeben,zurückgegeben
zurück+gegriffen,zurückgegriffen
zurück+gehalten,zurückgehalten
zurück+geholt,zurückgeholt
zurück+gekehrt,zurückgekehrt
zurück+gelegt,zurückgelegt
zurück+genommen,zurückgenommen
zurück+gerufen,zurückgerufen
zurück+geschickt,zurückgeschickt
zurück+geschlagen,zurückgeschlagen
zurück+geschnitten,zurückgeschnitten
zurück+gesendet,zurückgesendet
zurück+gespielt,zurückgespielt
zurück+gestellt,zurückgestellt
zurück+gestuft,zurückgestuft
zurück+getrieben,zurückgetrieben
zurück+gewiesen,zurückgewiesen
zurück+gewonnen,zurückgewonnen
zurück+geworfen,zurückgeworfen
zurück+gezahlt,zurückgezahlt
zurück+gezogen,zurückgezogen – Ausnahme: „nach Herisau und wieder zurück gezogen“
zurück+…,"zurück… – Partizipien ohne -ge-, Infinitive, andere Verbformen im Nebensatz bei Endstellung des Verbs):"
zurück+bekam,zurückbekam
zurück+blicken,zurückblicken
zurück+erobert,zurückerobert
zurück+erstattet*,zurückerstattet*
zurück+fand,zurückfand
zurück+fiel,zurückfiel
zurück+fuhr,zurückfuhr
zurück+führt*,zurückführt*
zurück+gab*,zurückgab*
zurück+gehen,zurückgehen – sehr wenige Ausnahmen
zurück+gehend,zurückgehend
zurück+geht,zurückgeht – wenige Ausnahmen
zurück+gewinnen,zurückgewinnen
zurück+ging,zurückging – sehr wenige Ausnahmen
zurück+greif*,zurückgreif*
zurück+haben,zurückhaben
zurück+hatte,zurückhatte
zurück+hielt*,zurückhielt*
zurück+kam*,zurückkam*
zurück+kehren,zurückkehren
zurück+kehrende,zurückkehrende
zurück+kehrt*,zurückkehrt*
zurück+lag*,zurücklag*
zurück+liegt,zurückliegt
zurück+liegend,zurückliegend
zurück+ließ*,zurückließ*
zurück+rief,zurückrief
zurück+schickt,zurückschickt
zurück+schlagen,zurückschlagen
zurück+schlägt,zurückschlägt
zurück+schlug*,zurückschlug*
zurück+schreckt,zurückschreckt
zurück+stand,zurückstand
zurück+stellt*,zurückstellt*
zurück+transportiert*,zurücktransportiert*
zurück+trat,zurücktrat
zurück+verfolgen,zurückverfolgen
zurück+verfolgt,zurückverfolgt
zurück+verwandelt*,zurückverwandelt*
zurück+verwies,zurückverwies
zurück+verwiesen,zurückverwiesen
zurück+warf,zurückwarf
zurück+weist,zurückweist
zurück+wies,zurückwies
zurück+will,zurückwill
zurück+wirft,zurückwirft
zurück+wirkt,zurückwirkt
zurück+wollt*,zurückwollt*
zurück+zahlen,zurückzahlen
zurück+zahlt,zurückzahlt
zurück+ziehen,zurückziehen
zurück+ziehend,zurückziehend
zurück+zieht,zurückzieht
zurück+zog,zurückzog
zurück+zu+…,zurückzu… – zu-Infinitiv):
zurück+zu+bekommen,zurückzubekommen
zurück+zu+bringen,zurückzubringen – Ausnahme: „zum Mars und zurück zu bringen“
zurück+zu+drängen,zurückzudrängen
zurück+zu+erhalten,zurückzuerhalten
zurück+zu+erlangen,zurückzuerlangen
zurück+zu+erobern,zurückzuerobern
zurück+zu+fallen,zurückzufallen
zurück+zu+fahren,zurückzufahren
zurück+zu+finden,zurückzufinden
zurück+zu+fordern,zurückzufordern
zurück+zu+führen,zurückzuführen
zurück+zu+geben,zurückzugeben
zurück+zu+gewinnen,zurückzugewinnen
zurück+zu+halten,zurückzuhalten
zurück+zu+holen,zurückzuholen
zurück+zu+kehren,zurückzukehren
zurück+zu+kommen,zurückzukommen
zurück+zu+schicken,zurückzuschicken
zurück+zu+schlagen,zurückzuschlagen
zurück+zu+senden,zurückzusenden
zurück+zu+spielen,zurückzuspielen
zurück+zu+stellen,zurückzustellen
zurück+zu+treiben,zurückzutreiben
zurück+zu+versetzen,zurückzuversetzen
zurück+zu+weisen,zurückzuweisen
zurück+zu+werfen,zurückzuwerfen
zurück+zu+zahlen,zurückzuzahlen
zurück+zu+ziehen,zurückzuziehen
zusammen+…,zusammen…):
zusammen+arbeiten,zusammenarbeiten – sinnabhängig
zusammen+arbeitete,zusammenarbeitete – sinnabhängig
zusammen+arbeiteten,zusammenarbeiteten – sinnabhängig
zusammen+gearbeitet,zusammengearbeitet – sinnabhängig
zusammen+gefasst,zusammengefasst – wenn es n. um Verbrecher geht
zusammen+geschlossen*,zusammengeschlossen* – im Sinne von vereinigt
zusammen+kam,zusammenkam
zusammen+schloss*,zusammenschloss* – i. S. v. vereinigte
zusammen+zu+arbeiten,zusammenzuarbeiten – sinnabhängig
zusammen+zu+schließen,zusammenzuschließen – i. S. v. zu vereinigen
zusammmen,zusammen
zusätlich,zusätzlich
zusehens,zusehends – Erläuterung
zustandegekommen,"zustande gekommen, zu Stande gekommen"
zustandekam,"zustande kam, zu Stande kam"
zustandekommt,"zustande kommt, zu Stande kommt"
zustätzlich,zusätzlich
zu+teil+werden,"zuteilwerden – seit 2006, vorher zuteil werden"
zu+teil+wird,zuteilwird
zu+teil+wurde,zuteilwurde
zu+Tode+verurteilt,zum Tode verurteilt
zu+ungunsten,zuungunsten
zuwider+gehandelt,zuwidergehandelt
zuwider+gelaufen,zuwidergelaufen
zuwider+handeln,zuwiderhandeln
zuwider+handelt,zuwiderhandelt
zuwider+laufen,zuwiderlaufen
zuwider+läuft,zuwiderläuft
zuwider+lief,zuwiderlief
zu+zuordnen*,zuzuordnen*
zu+zuschreiben*,zuzuschreiben*
Zweidrittel,zwei Drittel
Zweidrittel-Mehrheit,Zweidrittelmehrheit – allenfalls Zwei-Drittel-Mehrheit
Zweidritteln,zwei Dritteln
Zweiliga*,Zweitliga*
dem+zweitem,dem zweiten – insb. „nach dem Zweiten Weltkrieg“
im+zweitem,im zweiten
zweit+höchste*,zweithöchste*
Zyklusses,Zyklus
10jährig,10-jährig
10jährige,"10-jährige, 10-Jährige"
10jährigen,"10-jährigen, 10-Jährigen"
20jährig,20-jährig
20jährige,"20-jährige, 20-Jährige"
20jährigen,"20-jährigen, 20-Jährigen"
30jährig,30-jährig
30jährige,"30-jährige, 30-Jährige"
30jährigen,"30-jährigen, 30-Jährigen"
40jährig,40-jährig
40jährige,"40-jährige, 40-Jährige"
40jährigen,"40-jährigen, 40-Jährigen"
50jährig,50-jährig
50jährige,"50-jährige, 50-Jährige"
50jährigen,"50-jährigen, 50-Jährigen"
60jährig,60-jährig
60jährige,"60-jährige, 60-Jährige"
60jährigen,"60-jährigen, 60-Jährigen"
70jährig,70-jährig
70jährige,"70-jährige, 70-Jährige"
70jährigen,"70-jährigen, 70-Jährigen"
80jährig,80-jährig
80jährige,"80-jährige, 80-Jährige"
80jährigen,"80-jährigen, 80-Jährigen"
90jährig,90-jährig
90jährige,"90-jährige, 90-Jährige"
90jährigen,"90-jährigen, 90-Jährigen"
100jährig,100-jährig
100jährige,"100-jährige, 100-Jährige"
100jährigen,"100-jährigen, 100-Jährigen"
Jahrzehnte,
10ziger,10er
10iger,10er
10ger,10er
10-ziger,10er
10-iger,10er
10-ger,10er
10-er,10er
20ziger,20er
20iger,20er
20ger,20er
20-ziger,20er
20-iger,20er
20-ger,20er
20-er,20er
30ziger,30er
30iger,30er
30ger,30er
30-ziger,30er
30-iger,30er
30-ger,30er
30-er,30er
40ziger,40er
40iger,40er
40ger,40er
40-ziger,40er
40-iger,40er
40-ger,40er
40-er,40er
50ziger,50er
50iger,50er
50ger,50er
50-ziger,50er
50-iger,50er
50-ger,50er
50-er,50er
60ziger,60er
60iger,60er
60ger,60er
60-ziger,60er
60-iger,60er
60-ger,60er
60-er,60er
70ziger,70er
70iger,70er
70ger,70er
70-ziger,70er
70-iger,70er
70-ger,70er
70-er,70er
80ziger,80er
80iger,80er
80ger,80er
80-ziger,80er
80-iger,80er
80-ger,80er
80-er,80er
90ziger,90er
90iger,90er
90ger,90er
90-ziger,90er
90-iger,90er
90-ger,90er
90-er,90er
19. Jahrhundert,
1810ziger,"1810er, 10er des 19. Jahrhunderts"
1810iger,"1810er, 10er des 19. Jahrhunderts"
1810ger,"1810er, 10er des 19. Jahrhunderts"
1810-er,"1810er, 10er des 19. Jahrhunderts"
1820ziger,"1820er, 20er des 19. Jahrhunderts"
1820iger,"1820er, 20er des 19. Jahrhunderts"
1820ger,"1820er, 20er des 19. Jahrhunderts"
1820-er,"1820er, 20er des 19. Jahrhunderts"
1830ziger,"1830er, 30er des 19. Jahrhunderts"
1830iger,"1830er, 30er des 19. Jahrhunderts"
1830ger,"1830er, 30er des 19. Jahrhunderts"
1830-er,"1830er, 30er des 19. Jahrhunderts"
1840ziger,"1840er, 40er des 19. Jahrhunderts"
1840iger,"1840er, 40er des 19. Jahrhunderts"
1840ger,"1840er, 40er des 19. Jahrhunderts"
1840-er,"1840er, 40er des 19. Jahrhunderts"
1850ziger,"1850er, 50er des 19. Jahrhunderts"
1850iger,"1850er, 50er des 19. Jahrhunderts"
1850ger,"1850er, 50er des 19. Jahrhunderts"
1850-er,"1850er, 50er des 19. Jahrhunderts"
1860ziger,"1860er, 60er des 19. Jahrhunderts"
1860iger,"1860er, 60er des 19. Jahrhunderts"
1860ger,"1860er, 60er des 19. Jahrhunderts"
1860-er,"1860er, 60er des 19. Jahrhunderts"
1870ziger,"1870er, 70er des 19. Jahrhunderts"
1870iger,"1870er, 70er des 19. Jahrhunderts"
1870ger,"1870er, 70er des 19. Jahrhunderts"
1870-er,"1870er, 70er des 19. Jahrhunderts"
1880ziger,"1880er, 80er des 19. Jahrhunderts"
1880iger,"1880er, 80er des 19. Jahrhunderts"
1880ger,"1880er, 80er des 19. Jahrhunderts"
1880-er,"1880er, 80er des 19. Jahrhunderts"
1890ziger,"1890er, 90er des 19. Jahrhunderts"
1890iger,"1890er, 90er des 19. Jahrhunderts"
1890ger,"1890er, 90er des 19. Jahrhunderts"
1890-er,"1890er, 90er des 19. Jahrhunderts"
20. Jahrhundert,
1910ziger,"1910er, 10er des 20. Jahrhunderts"
1910iger,"1910er, 10er des 20. Jahrhunderts"
1910ger,"1910er, 10er des 20. Jahrhunderts"
1910-er,"1910er, 10er des 20. Jahrhunderts"
1920ziger,"1920er, 20er des 20. Jahrhunderts"
1920iger,"1920er, 20er des 20. Jahrhunderts"
1920ger,"1920er, 20er des 20. Jahrhunderts"
1920-er,"1920er, 20er des 20. Jahrhunderts"
1930ziger,"1930er, 30er des 20. Jahrhunderts"
1930iger,"1930er, 30er des 20. Jahrhunderts"
1930ger,"1930er, 30er des 20. Jahrhunderts"
1930-er,"1930er, 30er des 20. Jahrhunderts"
1940ziger,"1940er, 40er des 20. Jahrhunderts"
1940iger,"1940er, 40er des 20. Jahrhunderts"
1940ger,"1940er, 40er des 20. Jahrhunderts"
1940-er,"1940er, 40er des 20. Jahrhunderts"
1950ziger,"1950er, 50er des 20. Jahrhunderts"
1950iger,"1950er, 50er des 20. Jahrhunderts"
1950ger,"1950er, 50er des 20. Jahrhunderts"
1950-er,"1950er, 50er des 20. Jahrhunderts"
1960ziger,"1960er, 60er des 20. Jahrhunderts"
1960iger,"1960er, 60er des 20. Jahrhunderts"
1960ger,"1960er, 60er des 20. Jahrhunderts"
1960-er,"1960er, 60er des 20. Jahrhunderts"
1970ziger,"1970er, 70er des 20. Jahrhunderts"
1970iger,"1970er, 70er des 20. Jahrhunderts"
1970ger,"1970er, 70er des 20. Jahrhunderts"
1970-er,"1970er, 70er des 20. Jahrhunderts"
1980ziger,"1980er, 80er des 20. Jahrhunderts"
1980iger,"1980er, 80er des 20. Jahrhunderts"
1980ger,"1980er, 80er des 20. Jahrhunderts"
1980-er,"1980er, 80er des 20. Jahrhunderts"
1990ziger,"1990er, 90er des 20. Jahrhunderts"
1990iger,"1990er, 90er des 20. Jahrhunderts"
1990ger,"1990er, 90er des 20. Jahrhunderts"
1990-er,"1990er, 90er des 20. Jahrhunderts"
21. Jahrhundert,
2000-er,2000er
2010-er,2010er
2020ziger,"2020er, 20er des 21. Jahrhunderts"
2020iger,"2020er, 20er des 21. Jahrhunderts"
2020ger,"2020er, 20er des 21. Jahrhunderts"
2020-er,"2020er, 20er des 21. Jahrhunderts"
...,…
β,ß
a-Strahlen,α-Strahlen
ß-Strahlen,β-Strahlen
y-Strahlen,γ-Strahlen
ß-Strahlung,β-Strahlung
y-Strahlung,γ-Strahlung
